Algorithm, AverageCompletionTime,
     FCFS, 1963.111111111111
      SJF, 1518.6666666666667
     RR25, 170.52941176470588
     RR50, 311.3205128205128
Lottery50, 294.12820512820514
