Algorithm, AverageCompletionTime,
     FCFS, 1913.888888888889
      SJF, 1370.4444444444443
     RR25, 167.36170212765958
     RR50, 297.55405405405406
Lottery50, 347.77027027027026
