Algorithm, AverageCompletionTime,
     FCFS, 7013.0
      SJF, 4935.578947368421
     RR25, 400.7148676171079
     RR50, 751.3864541832669
Lottery50, 661.183266932271
