Algorithm, AverageCompletionTime,
     FCFS, 8770.518518518518
      SJF, 5685.407407407408
     RR25, 526.3548387096774
     RR50, 983.3575949367089
Lottery50, 808.8196202531645
